{"counts":{"(2014, 'Boulevard Georges Pompidou')":13446.0,"(2015, 'Boulevard Georges Pompidou')":106742.0,"(2016, 'Boulevard Georges Pompidou')":108977.0,"(2017, 'Boulevard Georges Pompidou')":124842.0,"(2018, 'Boulevard Georges Pompidou')":41421.0,"(2018, 'Eco-Display Place de Bretagne')":348673.0,"(2019, 'Eco-Display Place de Bretagne')":781770.0,"(2019, \"Rennes Rue d'Isly V1\")":242800.0,"(2020, 'Eco-Display Place de Bretagne')":674699.0,"(2020, \"Rennes Rue d'Isly V1\")":281360.0,"(2021, 'Eco-Display Place de Bretagne')":795779.0,"(2021, \"Rennes Rue d'Isly V1\")":312763.0,"(2022, 'Eco-Display Place de Bretagne')":863190.0,"(2022, \"Rennes Rue d'Isly V1\")":287414.0,"(2023, 'Eco-Display Place de Bretagne')":786068.0,"(2023, \"Rennes Rue d'Isly V1\")":359785.0,"(2024, 'Eco-Display Place de Bretagne')":245996.0,"(2024, \"Rennes Rue d'Isly V1\")":108010.0},"x":{"(2014, 'Boulevard Georges Pompidou')":-187562.4745521688,"(2015, 'Boulevard Georges Pompidou')":-187562.4745521688,"(2016, 'Boulevard Georges Pompidou')":-187562.4745521688,"(2017, 'Boulevard Georges Pompidou')":-187562.4745521688,"(2018, 'Boulevard Georges Pompidou')":-187562.4745521688,"(2018, 'Eco-Display Place de Bretagne')":-187477.6072245838,"(2019, 'Eco-Display Place de Bretagne')":-187477.6072245838,"(2019, \"Rennes Rue d'Isly V1\")":-186757.3701191513,"(2020, 'Eco-Display Place de Bretagne')":-187477.6072245838,"(2020, \"Rennes Rue d'Isly V1\")":-186757.3701191513,"(2021, 'Eco-Display Place de Bretagne')":-187477.6072245838,"(2021, \"Rennes Rue d'Isly V1\")":-186757.3701191513,"(2022, 'Eco-Display Place de Bretagne')":-187477.6072245838,"(2022, \"Rennes Rue d'Isly V1\")":-186757.3701191513,"(2023, 'Eco-Display Place de Bretagne')":-187477.6072245838,"(2023, \"Rennes Rue d'Isly V1\")":-186757.3701191513,"(2024, 'Eco-Display Place de Bretagne')":-187477.6072245838,"(2024, \"Rennes Rue d'Isly V1\")":-186757.3701191513},"y":{"(2014, 'Boulevard Georges Pompidou')":6123744.5117057525,"(2015, 'Boulevard Georges Pompidou')":6123744.5117057525,"(2016, 'Boulevard Georges Pompidou')":6123744.5117057525,"(2017, 'Boulevard Georges Pompidou')":6123744.5117057525,"(2018, 'Boulevard Georges Pompidou')":6123744.5117057525,"(2018, 'Eco-Display Place de Bretagne')":6125179.4660053998,"(2019, 'Eco-Display Place de Bretagne')":6125179.4660053998,"(2019, \"Rennes Rue d'Isly V1\")":6124460.9318256024,"(2020, 'Eco-Display Place de Bretagne')":6125179.4660053998,"(2020, \"Rennes Rue d'Isly V1\")":6124460.9318256024,"(2021, 'Eco-Display Place de Bretagne')":6125179.4660053998,"(2021, \"Rennes Rue d'Isly V1\")":6124460.9318256024,"(2022, 'Eco-Display Place de Bretagne')":6125179.4660053998,"(2022, \"Rennes Rue d'Isly V1\")":6124460.9318256024,"(2023, 'Eco-Display Place de Bretagne')":6125179.4660053998,"(2023, \"Rennes Rue d'Isly V1\")":6124460.9318256024,"(2024, 'Eco-Display Place de Bretagne')":6125179.4660053998,"(2024, \"Rennes Rue d'Isly V1\")":6124460.9318256024}}